user_id,joined_at,device,country,subscription_status,ab_group
u_1000,2025-06-16T04:03:12,Mobile,IN,Free,B
u_1001,2023-09-26T10:00:48,Tablet,US,Free,B
u_1002,2024-05-08T08:07:36,Desktop,BR,Premium,A
u_1003,2024-01-21T03:43:54,Mobile,DE,Free,B
u_1004,2025-07-24T19:51:22,Mobile,AU,Free,B
u_1005,2023-11-29T21:29:57,Mobile,GB,Free,B
u_1006,2024-11-06T01:09:25,Mobile,GB,Free,B
u_1007,2023-10-01T03:24:40,Desktop,BR,Free,A
u_1008,2024-04-11T08:28:15,Mobile,IN,Free,B
u_1009,2025-01-30T21:55:07,Desktop,US,Free,A
u_1010,2023-09-28T20:26:03,Mobile,IN,Free,B
u_1011,2024-03-22T23:39:41,Tablet,CA,Free,A
u_1012,2025-08-19T19:50:26,Desktop,CA,Premium,A
u_1013,2024-11-03T08:01:33,Mobile,IN,Free,A
u_1014,2024-12-03T21:27:16,Mobile,DE,Free,B
u_1015,2024-06-11T00:14:11,Mobile,BR,Free,A
u_1016,2025-10-17T05:48:46,Mobile,IN,Free,B
u_1017,2025-08-15T15:23:12,Mobile,US,Premium,A
u_1018,2024-08-14T10:07:01,Mobile,BR,Free,A
u_1019,2024-02-07T07:50:21,Mobile,IN,Free,B
u_1020,2025-10-21T12:15:18,Mobile,GB,Premium,A
u_1021,2023-12-14T03:22:36,Mobile,IN,Free,A
u_1022,2024-09-24T03:31:16,Mobile,BR,Premium,B
u_1023,2024-09-02T12:31:22,Mobile,CA,Free,A
u_1024,2025-05-11T09:37:51,Mobile,CA,Free,A
u_1025,2025-12-05T01:34:55,Desktop,US,Free,A
u_1026,2025-09-17T16:43:37,Mobile,BR,Free,B
u_1027,2025-03-03T04:32:41,Mobile,BR,Premium,B
u_1028,2024-09-22T02:52:08,Mobile,IN,Free,B
u_1029,2025-03-19T10:40:27,Mobile,AU,Free,B
u_1030,2025-06-05T22:31:10,Mobile,IN,Free,A
u_1031,2024-09-05T21:01:14,Mobile,US,Free,A
u_1032,2024-03-15T02:31:56,Mobile,IN,Free,B
u_1033,2023-10-17T08:17:51,Desktop,IN,Premium,A
u_1034,2025-10-31T10:32:10,Tablet,IN,Free,A
u_1035,2023-11-21T08:28:32,Desktop,GB,Free,A
u_1036,2023-12-13T13:50:23,Mobile,IN,Free,A
u_1037,2024-06-11T16:30:29,Mobile,DE,Free,B
u_1038,2025-06-12T13:16:59,Desktop,IN,Free,A
u_1039,2024-02-14T13:28:40,Mobile,IN,Free,B
u_1040,2024-08-29T07:37:40,Mobile,US,Premium,A
u_1041,2025-07-18T09:43:13,Mobile,AU,Free,B
u_1042,2025-08-19T23:35:39,Mobile,IN,Free,A
u_1043,2023-11-13T22:10:40,Desktop,GB,Free,A
u_1044,2025-06-12T06:13:51,Mobile,BR,Premium,B
u_1045,2025-02-28T08:54:47,Desktop,GB,Free,B
u_1046,2024-02-15T16:49:49,Mobile,IN,Free,A
u_1047,2024-09-23T09:49:42,Mobile,IN,Free,A
u_1048,2025-06-17T20:16:40,Mobile,BR,Free,A
u_1049,2024-04-12T11:48:24,Mobile,IN,Free,A
u_1050,2025-10-26T02:02:11,Tablet,BR,Free,A
u_1051,2024-04-22T01:10:07,Desktop,US,Free,A
u_1052,2025-12-03T11:29:07,Desktop,BR,Free,A
u_1053,2024-10-15T09:44:53,Desktop,AU,Premium,A
u_1054,2023-11-07T07:40:53,Mobile,CA,Premium,B
u_1055,2025-04-03T11:27:25,Desktop,IN,Free,B
u_1056,2024-04-05T23:51:49,Mobile,DE,Free,B
u_1057,2025-01-24T14:24:16,Mobile,US,Free,A
u_1058,2025-06-20T16:42:22,Mobile,US,Free,A
u_1059,2024-01-25T09:38:38,Mobile,GB,Free,B
u_1060,2024-01-21T08:58:45,Mobile,BR,Free,A
u_1061,2025-10-02T20:26:19,Mobile,CA,Free,A
u_1062,2025-03-05T09:33:58,Desktop,DE,Premium,B
u_1063,2025-10-04T21:17:02,Mobile,US,Free,B
u_1064,2024-11-12T21:14:44,Mobile,US,Free,B
u_1065,2024-10-13T13:10:47,Mobile,DE,Free,A
u_1066,2024-04-12T05:02:11,Mobile,IN,Free,A
u_1067,2025-02-03T17:58:06,Desktop,IN,Free,B
u_1068,2023-12-03T01:42:55,Mobile,IN,Free,A
u_1069,2023-12-22T05:33:53,Tablet,IN,Free,B
u_1070,2025-06-04T05:49:29,Desktop,IN,Free,B
u_1071,2025-11-20T15:22:13,Mobile,IN,Free,B
u_1072,2025-05-03T02:18:46,Mobile,IN,Free,A
u_1073,2024-09-29T13:53:39,Desktop,IN,Premium,A
u_1074,2025-05-03T17:02:28,Desktop,CA,Premium,B
u_1075,2025-02-23T09:09:13,Desktop,US,Premium,B
u_1076,2025-03-20T00:25:04,Desktop,IN,Free,B
u_1077,2025-07-28T04:10:14,Mobile,GB,Free,A
u_1078,2025-07-30T19:33:01,Mobile,IN,Premium,A
u_1079,2025-10-08T09:42:53,Mobile,CA,Free,B
u_1080,2025-10-27T23:20:12,Desktop,AU,Free,B
u_1081,2024-08-14T04:03:41,Mobile,IN,Free,B
u_1082,2024-06-27T15:49:45,Mobile,US,Free,A
u_1083,2024-02-09T16:31:10,Mobile,BR,Premium,B
u_1084,2023-09-04T09:35:22,Mobile,CA,Free,B
u_1085,2025-01-25T06:30:16,Mobile,US,Free,B
u_1086,2025-02-01T03:52:27,Desktop,GB,Free,A
u_1087,2025-06-02T10:51:57,Mobile,IN,Free,A
u_1088,2025-06-16T18:29:00,Desktop,CA,Premium,B
u_1089,2025-05-16T07:14:31,Mobile,IN,Free,A
u_1090,2024-02-04T13:36:49,Mobile,CA,Free,A
u_1091,2025-10-20T05:52:54,Desktop,GB,Premium,B
u_1092,2025-03-06T19:18:34,Desktop,GB,Free,A
u_1093,2023-09-01T21:48:24,Mobile,US,Free,B
u_1094,2024-07-28T17:47:22,Desktop,IN,Free,A
u_1095,2023-09-20T04:04:22,Mobile,IN,Free,B
u_1096,2024-09-06T11:11:46,Mobile,IN,Free,B
u_1097,2024-05-03T02:06:32,Mobile,IN,Free,A
u_1098,2024-05-04T20:39:24,Mobile,DE,Free,A
u_1099,2023-11-20T03:07:06,Mobile,IN,Free,A
u_1100,2025-09-19T17:41:39,Mobile,IN,Premium,A
u_1101,2023-11-10T19:23:42,Mobile,CA,Free,B
u_1102,2025-10-24T04:34:43,Mobile,BR,Free,B
u_1103,2024-01-10T17:18:16,Mobile,BR,Free,A
u_1104,2025-03-16T06:00:43,Desktop,CA,Free,A
u_1105,2024-05-29T19:12:43,Mobile,IN,Free,A
u_1106,2025-05-14T15:24:21,Mobile,IN,Premium,B
u_1107,2024-04-04T19:38:06,Desktop,DE,Premium,A
u_1108,2025-10-13T07:19:25,Mobile,GB,Free,B
u_1109,2025-08-31T11:20:57,Mobile,IN,Premium,B
u_1110,2024-10-13T23:39:40,Mobile,AU,Free,B
u_1111,2024-09-17T15:57:02,Mobile,IN,Free,A
u_1112,2025-02-11T16:26:17,Desktop,IN,Free,B
u_1113,2024-01-02T09:01:33,Desktop,US,Premium,A
u_1114,2024-04-18T02:19:52,Mobile,US,Free,A
u_1115,2024-08-12T00:45:57,Desktop,US,Free,B
u_1116,2025-04-25T20:10:03,Desktop,IN,Free,B
u_1117,2024-04-23T21:25:28,Mobile,BR,Free,A
u_1118,2024-04-13T00:15:42,Desktop,IN,Free,A
u_1119,2023-11-12T22:58:39,Mobile,IN,Premium,A
u_1120,2023-10-31T08:20:07,Desktop,BR,Premium,A
u_1121,2023-11-09T01:08:37,Desktop,CA,Free,A
u_1122,2024-08-04T02:34:47,Mobile,BR,Premium,A
u_1123,2025-02-08T08:39:55,Mobile,AU,Free,A
u_1124,2024-06-12T17:40:24,Mobile,GB,Premium,B
u_1125,2024-04-07T19:37:58,Mobile,US,Free,B
u_1126,2024-01-14T20:47:27,Desktop,IN,Free,B
u_1127,2025-04-13T17:12:33,Desktop,US,Free,A
u_1128,2024-05-06T17:13:13,Mobile,IN,Premium,B
u_1129,2025-12-05T14:49:14,Mobile,IN,Free,B
u_1130,2024-03-13T03:26:03,Mobile,DE,Free,B
u_1131,2023-12-09T23:59:34,Mobile,US,Free,B
u_1132,2024-11-15T12:53:58,Mobile,IN,Free,B
u_1133,2024-11-07T14:58:03,Mobile,IN,Free,B
u_1134,2024-12-22T01:58:20,Desktop,GB,Free,A
u_1135,2025-07-21T23:47:29,Mobile,IN,Premium,B
u_1136,2025-06-23T03:34:59,Mobile,BR,Free,B
u_1137,2023-11-02T14:39:32,Desktop,US,Free,B
u_1138,2025-09-15T12:21:13,Mobile,US,Free,B
u_1139,2025-11-28T03:58:42,Tablet,US,Premium,A
u_1140,2024-05-12T06:58:32,Tablet,AU,Premium,A
u_1141,2024-03-13T19:31:32,Mobile,IN,Free,B
u_1142,2024-12-03T05:06:13,Mobile,GB,Free,B
u_1143,2024-11-06T06:40:50,Mobile,US,Free,B
u_1144,2024-06-12T16:50:37,Mobile,IN,Free,A
u_1145,2024-05-13T02:44:40,Mobile,BR,Premium,A
u_1146,2024-11-27T20:02:12,Mobile,AU,Free,B
u_1147,2023-12-10T01:50:30,Mobile,GB,Free,B
u_1148,2025-06-29T19:40:55,Mobile,BR,Free,B
u_1149,2023-09-16T03:23:44,Mobile,BR,Premium,A
u_1150,2025-10-11T08:36:22,Desktop,DE,Free,B
u_1151,2024-02-18T14:47:49,Mobile,AU,Free,A
u_1152,2025-01-10T17:31:32,Mobile,GB,Free,B
u_1153,2024-04-06T14:36:05,Mobile,GB,Premium,A
u_1154,2023-10-31T05:59:39,Tablet,GB,Free,A
u_1155,2024-09-23T00:04:42,Mobile,DE,Free,B
u_1156,2024-10-04T09:39:20,Desktop,IN,Free,B
u_1157,2025-11-11T16:33:58,Desktop,BR,Free,A
u_1158,2024-06-19T15:24:04,Mobile,BR,Free,B
u_1159,2025-08-14T20:14:05,Desktop,IN,Free,A
u_1160,2025-07-09T17:43:08,Mobile,AU,Free,A
u_1161,2024-02-06T06:54:50,Mobile,IN,Free,A
u_1162,2024-06-30T07:55:34,Mobile,IN,Free,A
u_1163,2023-10-30T21:05:14,Mobile,DE,Premium,B
u_1164,2025-09-23T19:44:26,Mobile,IN,Free,A
u_1165,2023-11-02T11:25:04,Desktop,AU,Premium,A
u_1166,2023-10-29T01:49:32,Mobile,AU,Free,B
u_1167,2025-04-21T17:21:33,Mobile,US,Free,A
u_1168,2025-01-27T19:20:15,Mobile,IN,Free,B
u_1169,2024-02-09T02:04:15,Mobile,IN,Free,A
u_1170,2025-02-02T02:55:00,Desktop,GB,Free,B
u_1171,2024-03-09T02:29:41,Mobile,CA,Free,A
u_1172,2025-05-02T02:28:27,Mobile,GB,Free,A
u_1173,2025-07-23T08:33:48,Mobile,IN,Premium,A
u_1174,2024-10-18T04:21:53,Mobile,GB,Free,A
u_1175,2025-04-06T08:57:51,Mobile,US,Premium,A
u_1176,2025-04-15T21:38:44,Desktop,DE,Free,B
u_1177,2023-10-11T22:33:03,Mobile,IN,Free,B
u_1178,2023-11-23T15:15:48,Desktop,DE,Free,B
u_1179,2025-07-05T21:15:03,Mobile,US,Free,B
u_1180,2025-04-01T19:02:02,Mobile,CA,Free,A
u_1181,2024-07-20T09:29:39,Mobile,IN,Free,A
u_1182,2024-03-28T11:26:20,Desktop,GB,Free,A
u_1183,2024-05-02T09:40:14,Desktop,BR,Free,A
u_1184,2024-10-10T04:45:54,Mobile,IN,Free,B
u_1185,2025-07-19T23:30:07,Desktop,BR,Premium,B
u_1186,2024-07-04T16:38:49,Desktop,GB,Premium,A
u_1187,2024-07-20T02:38:28,Mobile,IN,Free,A
u_1188,2023-09-10T16:41:08,Mobile,IN,Free,B
u_1189,2025-05-29T20:29:52,Mobile,DE,Free,B
u_1190,2023-12-12T02:40:02,Mobile,IN,Free,A
u_1191,2025-03-04T07:45:38,Desktop,US,Premium,B
u_1192,2025-01-31T09:39:20,Desktop,IN,Free,B
u_1193,2024-01-14T12:42:25,Mobile,GB,Free,A
u_1194,2023-11-10T08:53:38,Mobile,IN,Free,A
u_1195,2024-09-13T10:22:33,Mobile,BR,Free,B
u_1196,2024-02-09T15:57:13,Desktop,CA,Free,B
u_1197,2025-03-10T11:00:51,Desktop,CA,Premium,B
u_1198,2025-05-19T23:48:37,Desktop,DE,Free,A
u_1199,2025-02-23T00:17:05,Desktop,IN,Free,A
u_1200,2025-07-15T20:11:32,Mobile,DE,Premium,B
u_1201,2024-07-03T03:46:17,Mobile,IN,Free,B
u_1202,2024-01-16T09:37:44,Mobile,IN,Free,A
u_1203,2023-12-28T03:53:49,Desktop,IN,Free,B
u_1204,2025-09-30T20:08:32,Mobile,US,Free,B
u_1205,2024-02-07T09:54:57,Mobile,DE,Premium,B
u_1206,2024-06-15T22:01:16,Mobile,GB,Free,B
u_1207,2024-04-03T12:29:02,Desktop,US,Premium,B
u_1208,2024-03-27T23:05:30,Mobile,IN,Free,A
u_1209,2024-05-28T18:24:04,Mobile,CA,Premium,B
u_1210,2025-01-13T09:08:34,Mobile,US,Free,A
u_1211,2023-10-23T03:21:37,Desktop,US,Premium,B
u_1212,2025-06-11T15:25:18,Desktop,IN,Free,A
u_1213,2024-06-10T01:36:18,Mobile,AU,Premium,B
u_1214,2023-09-04T12:08:39,Desktop,GB,Free,A
u_1215,2025-10-29T04:45:46,Mobile,IN,Free,A
u_1216,2025-06-14T09:32:15,Mobile,IN,Premium,A
u_1217,2024-02-13T16:05:12,Desktop,GB,Free,A
u_1218,2025-03-18T15:34:17,Mobile,GB,Premium,B
u_1219,2025-03-28T00:21:07,Desktop,IN,Free,B
u_1220,2023-12-24T02:44:22,Desktop,CA,Free,B
u_1221,2025-08-08T05:25:36,Mobile,IN,Free,A
u_1222,2025-03-12T01:18:42,Mobile,US,Free,A
u_1223,2024-09-13T21:12:30,Mobile,CA,Free,A
u_1224,2025-03-19T05:23:30,Mobile,US,Free,A
u_1225,2024-11-14T04:38:24,Mobile,GB,Free,B
u_1226,2023-10-13T11:13:24,Tablet,IN,Free,A
u_1227,2024-09-08T01:27:09,Mobile,IN,Free,A
u_1228,2024-09-01T07:38:55,Desktop,CA,Free,A
u_1229,2025-07-30T09:05:06,Mobile,US,Free,A
u_1230,2025-07-14T03:44:33,Desktop,BR,Free,B
u_1231,2024-08-28T20:23:05,Mobile,IN,Free,B
u_1232,2024-10-21T22:35:51,Mobile,IN,Premium,A
u_1233,2025-10-07T05:37:37,Mobile,IN,Premium,A
u_1234,2024-04-30T05:54:59,Mobile,GB,Free,A
u_1235,2025-11-28T06:26:46,Desktop,IN,Free,A
u_1236,2024-10-27T00:54:08,Mobile,BR,Premium,A
u_1237,2024-03-02T12:05:40,Mobile,US,Free,B
u_1238,2025-11-10T14:59:24,Mobile,CA,Free,B
u_1239,2025-11-30T09:02:07,Mobile,IN,Free,B
u_1240,2024-05-31T05:47:46,Desktop,BR,Free,A
u_1241,2025-11-15T03:56:08,Tablet,DE,Free,A
u_1242,2024-09-26T01:24:35,Desktop,DE,Free,B
u_1243,2024-12-25T08:05:54,Mobile,BR,Premium,B
u_1244,2024-03-23T16:45:32,Mobile,DE,Premium,B
u_1245,2024-08-24T11:06:41,Desktop,GB,Free,A
u_1246,2025-11-23T08:17:11,Mobile,IN,Free,B
u_1247,2024-04-16T00:51:41,Tablet,IN,Premium,A
u_1248,2025-07-07T07:01:53,Tablet,BR,Free,B
u_1249,2024-10-13T11:57:05,Desktop,GB,Free,B
u_1250,2024-06-12T02:31:39,Mobile,AU,Free,B
u_1251,2025-10-31T10:09:45,Mobile,US,Premium,A
u_1252,2024-08-25T23:21:20,Desktop,IN,Free,B
u_1253,2025-02-03T14:33:06,Mobile,IN,Premium,A
u_1254,2025-07-27T19:31:22,Mobile,GB,Premium,A
u_1255,2024-08-05T01:00:17,Mobile,US,Free,A
u_1256,2023-12-28T09:30:37,Desktop,IN,Free,B
u_1257,2024-03-01T21:08:19,Desktop,US,Free,A
u_1258,2024-05-29T01:23:34,Mobile,IN,Free,A
u_1259,2023-12-21T21:43:13,Mobile,US,Free,B
u_1260,2024-11-18T12:35:09,Mobile,IN,Free,A
u_1261,2025-09-16T11:25:14,Tablet,AU,Free,B
u_1262,2024-11-20T22:04:17,Mobile,IN,Premium,A
u_1263,2025-02-05T04:12:37,Mobile,US,Free,A
u_1264,2024-09-29T20:59:34,Desktop,IN,Free,B
u_1265,2024-03-13T09:16:26,Desktop,IN,Free,A
u_1266,2023-10-16T15:52:34,Desktop,IN,Free,A
u_1267,2023-09-02T18:55:46,Desktop,US,Free,B
u_1268,2025-12-04T19:36:15,Mobile,GB,Free,B
u_1269,2025-08-04T07:10:25,Mobile,IN,Free,B
u_1270,2024-09-07T15:42:11,Desktop,GB,Free,A
u_1271,2023-11-11T12:01:19,Desktop,BR,Free,A
u_1272,2025-05-31T11:25:45,Desktop,DE,Free,B
u_1273,2025-07-11T04:32:14,Desktop,IN,Free,B
u_1274,2025-09-07T10:56:03,Mobile,US,Premium,B
u_1275,2025-02-01T11:15:38,Mobile,IN,Free,B
u_1276,2025-07-14T14:52:08,Desktop,IN,Free,B
u_1277,2024-07-31T14:39:03,Mobile,CA,Free,A
u_1278,2025-08-14T10:45:52,Desktop,IN,Free,A
u_1279,2025-03-21T04:38:03,Desktop,US,Free,B
u_1280,2024-03-15T15:18:28,Desktop,GB,Free,A
u_1281,2025-07-12T13:48:15,Mobile,DE,Free,A
u_1282,2025-07-25T06:20:10,Mobile,US,Free,B
u_1283,2025-05-23T20:43:13,Mobile,IN,Free,B
u_1284,2024-07-05T14:47:05,Mobile,IN,Free,A
u_1285,2025-03-15T00:00:53,Mobile,US,Free,A
u_1286,2024-07-08T10:26:46,Mobile,IN,Premium,A
u_1287,2024-04-03T15:39:06,Mobile,IN,Free,B
u_1288,2025-11-13T21:06:59,Mobile,IN,Free,B
u_1289,2025-05-14T23:50:13,Mobile,IN,Free,A
u_1290,2024-07-26T16:55:46,Mobile,IN,Free,A
u_1291,2024-11-26T16:05:54,Mobile,IN,Free,B
u_1292,2025-07-23T07:46:50,Desktop,US,Free,A
u_1293,2025-02-05T17:13:41,Mobile,GB,Free,B
u_1294,2025-11-21T06:10:41,Mobile,AU,Free,B
u_1295,2025-07-06T03:05:14,Mobile,IN,Free,A
u_1296,2024-06-17T18:46:01,Desktop,IN,Free,B
u_1297,2025-07-11T23:02:40,Mobile,IN,Free,A
u_1298,2025-05-27T12:12:13,Mobile,GB,Free,A
u_1299,2023-12-05T08:33:04,Mobile,DE,Free,B
u_1300,2025-07-20T11:18:07,Mobile,IN,Premium,A
u_1301,2024-04-18T07:15:00,Mobile,BR,Free,B
u_1302,2024-01-29T00:53:21,Mobile,IN,Free,B
u_1303,2023-10-18T08:54:52,Mobile,US,Free,A
u_1304,2024-12-30T22:15:20,Desktop,DE,Premium,A
u_1305,2025-10-26T02:39:05,Tablet,BR,Free,A
u_1306,2024-12-10T15:05:21,Mobile,DE,Free,A
u_1307,2025-06-06T20:57:34,Mobile,AU,Free,A
u_1308,2024-03-18T13:58:48,Desktop,IN,Free,A
u_1309,2025-01-19T14:33:03,Mobile,AU,Free,A
u_1310,2024-05-07T05:22:22,Mobile,IN,Free,B
u_1311,2025-07-03T00:12:06,Mobile,BR,Premium,B
u_1312,2025-10-08T03:52:50,Mobile,US,Free,B
u_1313,2025-11-06T15:28:44,Tablet,AU,Free,A
u_1314,2024-04-12T06:24:13,Desktop,US,Premium,A
u_1315,2025-12-02T18:51:29,Desktop,GB,Free,B
u_1316,2024-12-19T01:49:42,Mobile,US,Free,A
u_1317,2025-03-24T09:04:22,Mobile,DE,Free,A
u_1318,2024-01-03T16:37:09,Mobile,IN,Free,B
u_1319,2024-01-15T16:55:01,Mobile,IN,Free,B
u_1320,2025-07-15T19:20:16,Mobile,IN,Premium,B
u_1321,2025-03-26T21:40:47,Desktop,IN,Free,A
u_1322,2024-07-21T16:06:48,Desktop,BR,Free,B
u_1323,2025-05-20T18:22:42,Mobile,IN,Free,B
u_1324,2024-11-10T19:56:50,Tablet,CA,Premium,B
u_1325,2024-11-30T05:47:41,Desktop,IN,Premium,B
u_1326,2025-10-01T17:16:56,Mobile,IN,Premium,B
u_1327,2024-12-04T09:26:12,Mobile,AU,Free,B
u_1328,2025-10-09T09:00:06,Mobile,GB,Free,A
u_1329,2025-06-14T10:05:47,Mobile,US,Free,B
u_1330,2025-10-24T18:58:47,Mobile,US,Free,B
u_1331,2025-01-09T22:49:09,Desktop,DE,Free,B
u_1332,2024-05-02T09:59:52,Mobile,IN,Free,A
u_1333,2024-11-24T02:49:15,Mobile,CA,Free,A
u_1334,2025-08-31T10:24:10,Mobile,CA,Free,B
u_1335,2024-04-28T09:53:34,Mobile,GB,Free,B
u_1336,2024-08-09T11:38:24,Desktop,IN,Free,B
u_1337,2025-03-07T02:56:01,Desktop,GB,Free,B
u_1338,2024-01-20T05:29:29,Mobile,IN,Free,B
u_1339,2024-04-24T13:56:45,Mobile,IN,Free,B
u_1340,2025-08-11T05:33:48,Mobile,IN,Free,B
u_1341,2025-08-24T07:47:23,Mobile,US,Free,B
u_1342,2023-11-05T15:06:17,Mobile,BR,Free,B
u_1343,2024-10-22T12:02:49,Mobile,DE,Free,A
u_1344,2025-03-09T16:57:49,Mobile,DE,Premium,A
u_1345,2024-10-30T02:16:01,Mobile,US,Free,B
u_1346,2024-03-30T15:17:49,Mobile,IN,Free,A
u_1347,2024-10-03T21:15:56,Mobile,IN,Free,A
u_1348,2025-08-13T00:42:40,Mobile,CA,Free,A
u_1349,2025-10-23T20:57:36,Mobile,IN,Free,A
u_1350,2024-09-24T17:21:58,Mobile,BR,Free,A
u_1351,2023-09-07T12:48:25,Desktop,US,Premium,A
u_1352,2024-07-02T14:11:56,Desktop,US,Free,B
u_1353,2024-11-03T19:35:45,Mobile,DE,Premium,B
u_1354,2025-10-05T19:53:02,Mobile,US,Free,A
u_1355,2025-11-28T21:57:49,Mobile,BR,Free,A
u_1356,2024-04-13T17:46:33,Mobile,BR,Premium,B
u_1357,2024-04-12T09:56:14,Mobile,US,Free,A
u_1358,2024-11-20T17:40:54,Desktop,IN,Free,B
u_1359,2023-09-30T14:09:28,Mobile,US,Free,B
u_1360,2024-08-10T14:43:14,Mobile,BR,Free,B
u_1361,2025-09-11T06:00:32,Mobile,IN,Free,A
u_1362,2024-12-22T04:38:48,Mobile,GB,Free,B
u_1363,2025-05-30T19:26:48,Mobile,GB,Free,A
u_1364,2023-09-28T14:20:45,Desktop,DE,Free,B
u_1365,2025-04-29T20:32:55,Mobile,IN,Free,B
u_1366,2025-07-10T00:59:12,Tablet,DE,Free,A
u_1367,2023-11-25T23:24:06,Desktop,BR,Free,A
u_1368,2024-11-12T04:56:26,Mobile,IN,Free,A
u_1369,2024-12-16T06:36:59,Mobile,IN,Free,B
u_1370,2023-10-22T09:28:19,Mobile,CA,Free,A
u_1371,2024-09-23T11:55:06,Mobile,IN,Premium,B
u_1372,2024-04-04T16:33:18,Mobile,BR,Free,A
u_1373,2024-07-31T12:17:16,Desktop,US,Free,B
u_1374,2025-10-19T13:48:12,Mobile,IN,Free,B
u_1375,2024-06-11T15:20:55,Mobile,BR,Free,B
u_1376,2024-05-16T02:58:55,Desktop,US,Free,B
u_1377,2024-12-25T00:42:20,Mobile,US,Free,A
u_1378,2025-10-07T19:38:22,Desktop,IN,Free,A
u_1379,2023-10-24T12:44:30,Mobile,US,Free,B
u_1380,2024-04-17T23:40:15,Mobile,IN,Premium,A
u_1381,2023-11-10T23:43:46,Desktop,IN,Premium,A
u_1382,2023-10-12T01:07:47,Mobile,CA,Premium,A
u_1383,2024-05-11T07:15:30,Desktop,IN,Free,A
u_1384,2023-09-21T22:37:19,Desktop,GB,Free,A
u_1385,2024-02-04T08:41:06,Desktop,IN,Free,B
u_1386,2024-01-08T17:14:30,Mobile,DE,Free,A
u_1387,2025-07-17T04:09:53,Mobile,IN,Free,B
u_1388,2025-03-31T07:56:09,Desktop,CA,Free,A
u_1389,2024-12-20T09:19:46,Desktop,US,Free,B
u_1390,2025-10-25T13:25:51,Tablet,IN,Free,A
u_1391,2024-02-19T22:03:35,Mobile,IN,Free,B
u_1392,2025-05-14T04:10:12,Mobile,IN,Free,B
u_1393,2025-11-05T05:57:45,Desktop,US,Free,A
u_1394,2024-07-15T03:56:08,Mobile,IN,Premium,B
u_1395,2025-04-15T00:56:05,Desktop,AU,Free,B
u_1396,2024-07-16T20:57:50,Desktop,US,Free,B
u_1397,2025-07-25T13:39:52,Mobile,IN,Free,B
u_1398,2024-10-11T07:13:15,Desktop,GB,Free,A
u_1399,2023-11-17T21:33:27,Desktop,DE,Free,B
u_1400,2025-08-08T22:50:13,Mobile,IN,Free,A
u_1401,2024-05-06T03:42:36,Desktop,IN,Free,A
u_1402,2025-08-14T10:58:49,Mobile,IN,Free,B
u_1403,2025-08-01T21:51:37,Desktop,DE,Free,A
u_1404,2025-12-03T04:24:26,Mobile,GB,Free,B
u_1405,2025-11-24T20:36:17,Desktop,US,Free,B
u_1406,2025-11-10T01:29:43,Mobile,BR,Free,B
u_1407,2024-08-21T19:23:47,Mobile,AU,Free,B
u_1408,2024-11-12T13:29:31,Desktop,US,Premium,A
u_1409,2023-11-10T18:25:17,Mobile,BR,Free,A
u_1410,2025-06-25T12:25:25,Mobile,IN,Free,A
u_1411,2023-09-13T15:17:37,Tablet,IN,Free,A
u_1412,2025-01-14T03:50:33,Tablet,IN,Free,A
u_1413,2024-11-17T13:11:12,Mobile,IN,Free,A
u_1414,2025-06-12T16:44:18,Mobile,US,Free,B
u_1415,2025-08-25T05:34:12,Mobile,BR,Premium,B
u_1416,2024-11-19T06:24:46,Mobile,IN,Free,A
u_1417,2025-09-21T18:59:46,Mobile,IN,Free,B
u_1418,2025-06-28T09:50:00,Desktop,US,Free,A
u_1419,2025-05-23T19:35:39,Desktop,BR,Free,A
u_1420,2025-11-02T17:36:12,Desktop,IN,Free,B
u_1421,2024-12-20T15:51:31,Desktop,US,Free,B
u_1422,2025-09-18T21:34:16,Mobile,IN,Free,B
u_1423,2024-06-01T11:44:05,Mobile,IN,Free,A
u_1424,2024-05-09T03:09:19,Mobile,CA,Free,B
u_1425,2024-06-12T16:24:47,Mobile,CA,Premium,B
u_1426,2024-05-07T16:55:10,Mobile,IN,Free,B
u_1427,2025-04-06T22:13:17,Desktop,CA,Premium,B
u_1428,2025-07-16T13:47:54,Mobile,GB,Free,B
u_1429,2024-08-10T01:02:41,Mobile,BR,Premium,B
u_1430,2025-01-19T11:50:00,Mobile,US,Free,B
u_1431,2024-03-05T17:45:04,Desktop,US,Premium,B
u_1432,2024-04-05T12:55:07,Mobile,US,Premium,B
u_1433,2025-11-25T09:24:22,Mobile,GB,Free,A
u_1434,2024-08-14T10:10:55,Mobile,IN,Premium,B
u_1435,2025-05-03T10:03:31,Desktop,IN,Free,A
u_1436,2025-03-23T00:22:10,Mobile,IN,Free,A
u_1437,2025-02-11T06:57:22,Desktop,DE,Free,B
u_1438,2023-11-27T08:47:15,Desktop,IN,Free,B
u_1439,2025-09-07T14:47:51,Mobile,GB,Free,B
u_1440,2025-01-13T20:12:48,Mobile,CA,Free,A
u_1441,2025-10-16T08:44:59,Tablet,IN,Free,B
u_1442,2025-08-08T17:20:02,Mobile,GB,Free,A
u_1443,2025-06-23T17:52:12,Mobile,US,Premium,B
u_1444,2024-12-02T00:37:40,Desktop,BR,Free,B
u_1445,2023-12-05T10:42:46,Desktop,IN,Free,B
u_1446,2024-04-14T14:43:25,Tablet,GB,Free,B
u_1447,2025-08-09T08:51:30,Desktop,AU,Free,B
u_1448,2024-07-10T21:10:25,Mobile,CA,Free,B
u_1449,2024-09-12T17:13:51,Mobile,GB,Free,A
u_1450,2025-03-20T19:19:48,Desktop,US,Free,A
u_1451,2024-08-18T15:29:31,Mobile,GB,Premium,B
u_1452,2025-10-03T20:02:20,Mobile,BR,Free,B
u_1453,2024-08-04T12:48:32,Desktop,US,Free,A
u_1454,2025-08-20T16:31:13,Mobile,IN,Free,B
u_1455,2024-06-04T11:09:49,Mobile,BR,Free,A
u_1456,2024-05-15T08:23:37,Mobile,GB,Free,B
u_1457,2024-01-02T07:00:42,Mobile,GB,Free,B
u_1458,2024-07-20T04:21:10,Mobile,IN,Free,B
u_1459,2025-09-30T19:30:36,Mobile,GB,Free,B
u_1460,2025-10-20T06:44:27,Mobile,IN,Premium,A
u_1461,2024-03-15T07:52:41,Mobile,GB,Premium,A
u_1462,2025-09-26T17:37:44,Desktop,IN,Free,B
u_1463,2024-06-10T21:27:58,Mobile,GB,Free,B
u_1464,2025-10-18T19:06:05,Tablet,CA,Free,A
u_1465,2025-05-04T10:18:13,Mobile,IN,Free,B
u_1466,2023-12-12T07:04:03,Mobile,CA,Free,A
u_1467,2024-06-30T08:16:56,Desktop,US,Free,B
u_1468,2024-09-04T06:31:59,Mobile,BR,Free,B
u_1469,2024-07-06T00:30:54,Tablet,AU,Free,A
u_1470,2025-08-26T19:26:50,Mobile,US,Free,A
u_1471,2024-01-08T09:59:14,Tablet,DE,Premium,B
u_1472,2023-10-17T01:59:06,Mobile,BR,Premium,B
u_1473,2025-03-20T10:38:10,Desktop,US,Free,B
u_1474,2025-08-15T04:35:51,Mobile,IN,Free,B
u_1475,2025-06-15T17:52:20,Tablet,GB,Premium,B
u_1476,2023-12-15T00:26:47,Mobile,AU,Free,B
u_1477,2025-04-10T10:21:08,Mobile,DE,Free,B
u_1478,2024-12-24T17:25:46,Tablet,AU,Free,A
u_1479,2024-11-25T12:24:17,Mobile,US,Free,A
u_1480,2024-03-07T01:52:14,Mobile,AU,Free,A
u_1481,2024-05-16T17:23:36,Desktop,IN,Premium,B
u_1482,2023-12-26T02:22:44,Mobile,US,Premium,A
u_1483,2024-10-15T17:54:14,Mobile,IN,Free,B
u_1484,2023-11-15T21:00:31,Mobile,IN,Free,B
u_1485,2025-06-06T01:57:06,Desktop,IN,Premium,B
u_1486,2024-02-03T05:25:55,Mobile,IN,Free,A
u_1487,2025-03-30T11:03:44,Mobile,GB,Premium,A
u_1488,2023-11-27T09:02:10,Tablet,IN,Free,A
u_1489,2023-12-31T20:19:07,Desktop,US,Free,A
u_1490,2025-10-22T15:09:08,Mobile,IN,Free,A
u_1491,2025-05-13T21:42:15,Mobile,IN,Free,B
u_1492,2025-11-18T22:30:57,Mobile,IN,Free,B
u_1493,2024-04-19T19:01:34,Mobile,IN,Free,B
u_1494,2024-09-24T16:24:09,Mobile,GB,Free,B
u_1495,2024-11-27T10:49:34,Mobile,GB,Free,A
u_1496,2025-04-25T15:36:47,Mobile,GB,Free,B
u_1497,2024-07-09T20:42:11,Mobile,US,Premium,B
u_1498,2025-05-28T02:11:34,Tablet,IN,Premium,A
u_1499,2025-05-17T03:36:46,Tablet,BR,Free,B
u_1500,2025-10-21T07:33:55,Desktop,US,Premium,A
u_1501,2025-06-02T07:40:59,Mobile,US,Free,B
u_1502,2024-05-28T02:57:21,Mobile,IN,Free,B
u_1503,2024-02-08T08:43:59,Desktop,IN,Premium,A
u_1504,2024-02-25T20:05:50,Desktop,IN,Free,B
u_1505,2023-11-16T05:41:57,Mobile,IN,Free,B
u_1506,2023-09-03T14:52:25,Desktop,US,Premium,B
u_1507,2024-12-05T21:37:12,Desktop,US,Free,A
u_1508,2024-12-25T10:36:15,Desktop,GB,Premium,B
u_1509,2023-10-04T08:25:40,Desktop,DE,Premium,A
u_1510,2024-06-22T10:17:36,Mobile,AU,Free,A
u_1511,2025-08-20T16:31:50,Mobile,DE,Premium,A
u_1512,2023-11-12T08:29:55,Desktop,CA,Free,B
u_1513,2024-05-28T22:45:27,Desktop,IN,Free,B
u_1514,2025-04-26T07:12:08,Mobile,IN,Free,B
u_1515,2024-11-09T04:10:43,Mobile,IN,Premium,B
u_1516,2025-03-11T08:11:06,Mobile,GB,Free,A
u_1517,2025-06-25T05:25:28,Desktop,BR,Free,A
u_1518,2024-05-30T05:10:43,Tablet,IN,Free,A
u_1519,2023-11-13T02:10:16,Mobile,BR,Free,A
u_1520,2024-02-17T11:11:59,Mobile,IN,Free,A
u_1521,2025-05-02T20:43:27,Mobile,BR,Free,A
u_1522,2024-06-22T15:59:20,Tablet,IN,Free,A
u_1523,2024-01-06T17:03:53,Desktop,IN,Free,A
u_1524,2025-08-06T11:04:17,Desktop,US,Premium,A
u_1525,2025-08-17T14:39:17,Mobile,IN,Free,A
u_1526,2024-06-05T18:13:17,Mobile,IN,Free,B
u_1527,2025-03-06T17:58:42,Mobile,IN,Premium,B
u_1528,2024-11-22T02:55:43,Mobile,AU,Free,B
u_1529,2025-05-05T01:27:04,Desktop,US,Premium,A
u_1530,2024-11-16T11:44:07,Desktop,IN,Free,A
u_1531,2025-05-11T09:06:56,Tablet,GB,Premium,B
u_1532,2023-09-27T03:19:30,Tablet,DE,Free,A
u_1533,2024-04-22T20:56:32,Mobile,IN,Free,A
u_1534,2025-04-24T00:45:19,Desktop,US,Free,A
u_1535,2025-10-23T09:48:45,Desktop,IN,Premium,A
u_1536,2025-04-13T01:27:53,Desktop,IN,Free,A
u_1537,2025-10-21T06:22:42,Mobile,GB,Free,A
u_1538,2024-12-25T18:53:41,Mobile,IN,Free,B
u_1539,2025-06-29T16:06:03,Mobile,US,Free,A
u_1540,2024-06-11T06:36:28,Tablet,DE,Free,A
u_1541,2025-04-22T15:52:12,Mobile,IN,Free,B
u_1542,2025-06-12T17:54:11,Mobile,US,Premium,A
u_1543,2023-12-03T17:06:45,Desktop,IN,Free,A
u_1544,2024-08-22T14:52:03,Mobile,CA,Free,B
u_1545,2024-08-07T11:41:21,Mobile,US,Free,A
u_1546,2025-07-18T03:48:30,Mobile,AU,Free,A
u_1547,2024-02-12T12:00:28,Desktop,US,Free,A
u_1548,2024-10-26T18:02:22,Mobile,IN,Free,A
u_1549,2024-06-22T14:34:48,Desktop,GB,Free,B
u_1550,2025-10-18T20:01:42,Mobile,CA,Free,B
u_1551,2023-10-08T16:33:34,Desktop,GB,Free,A
u_1552,2023-11-30T11:27:04,Mobile,AU,Premium,B
u_1553,2024-05-16T11:46:12,Mobile,BR,Premium,B
u_1554,2023-12-28T14:42:56,Desktop,IN,Free,A
u_1555,2025-02-08T00:02:30,Mobile,IN,Premium,B
u_1556,2025-07-05T19:45:18,Mobile,GB,Free,A
u_1557,2024-12-17T15:02:45,Mobile,US,Free,A
u_1558,2023-10-26T06:49:46,Desktop,AU,Free,A
u_1559,2025-02-12T13:10:19,Mobile,BR,Free,A
u_1560,2025-05-30T18:08:58,Desktop,IN,Free,A
u_1561,2025-06-02T16:05:39,Mobile,IN,Free,B
u_1562,2025-10-18T01:52:44,Mobile,AU,Free,A
u_1563,2024-03-27T09:43:23,Mobile,IN,Free,A
u_1564,2025-03-16T04:46:12,Mobile,AU,Free,A
u_1565,2024-06-21T15:57:04,Mobile,US,Free,B
u_1566,2025-08-16T17:38:52,Mobile,GB,Free,B
u_1567,2024-01-03T01:03:03,Mobile,IN,Free,B
u_1568,2025-06-07T22:10:06,Desktop,GB,Premium,B
u_1569,2025-11-27T08:42:45,Mobile,US,Premium,B
u_1570,2025-08-27T05:45:58,Mobile,US,Free,A
u_1571,2024-07-15T20:03:19,Desktop,IN,Premium,B
u_1572,2023-09-15T20:06:24,Mobile,DE,Free,B
u_1573,2024-10-22T03:23:37,Mobile,BR,Free,B
u_1574,2024-04-18T04:07:51,Desktop,IN,Free,B
u_1575,2024-12-16T04:16:36,Desktop,IN,Free,A
u_1576,2025-06-25T05:36:21,Mobile,IN,Premium,A
u_1577,2025-01-23T10:37:34,Desktop,GB,Free,A
u_1578,2025-02-03T09:57:18,Mobile,GB,Free,B
u_1579,2024-10-30T17:34:02,Mobile,US,Free,A
u_1580,2024-12-27T08:52:26,Mobile,IN,Free,A
u_1581,2024-12-11T20:04:15,Tablet,IN,Premium,B
u_1582,2024-01-27T13:57:57,Mobile,US,Free,A
u_1583,2024-03-14T21:49:21,Mobile,US,Free,B
u_1584,2025-02-02T04:58:12,Mobile,CA,Free,A
u_1585,2023-11-11T10:03:28,Mobile,IN,Free,A
u_1586,2025-10-31T15:06:27,Mobile,GB,Free,A
u_1587,2024-08-14T18:29:10,Mobile,US,Free,B
u_1588,2024-05-31T00:05:36,Mobile,US,Free,A
u_1589,2024-06-16T10:52:12,Mobile,DE,Free,A
u_1590,2025-04-24T21:06:51,Mobile,GB,Premium,B
u_1591,2025-07-07T17:49:38,Mobile,CA,Premium,A
u_1592,2024-01-31T16:15:29,Mobile,IN,Free,B
u_1593,2025-03-05T17:38:03,Mobile,IN,Free,B
u_1594,2024-08-19T12:06:13,Desktop,DE,Free,A
u_1595,2025-03-19T19:47:08,Mobile,US,Free,B
u_1596,2024-09-21T16:34:42,Desktop,IN,Free,A
u_1597,2024-07-26T06:52:07,Mobile,IN,Free,B
u_1598,2025-08-15T08:41:40,Mobile,IN,Free,A
u_1599,2025-04-08T13:56:36,Mobile,BR,Free,B
u_1600,2024-04-27T14:57:21,Mobile,IN,Free,A
u_1601,2023-10-15T11:35:04,Mobile,IN,Free,B
u_1602,2025-10-02T17:13:13,Mobile,IN,Free,A
u_1603,2025-08-23T13:52:48,Mobile,IN,Free,A
u_1604,2024-09-30T23:44:21,Mobile,IN,Free,A
u_1605,2024-02-03T18:02:03,Mobile,US,Free,A
u_1606,2023-10-08T04:35:47,Mobile,IN,Free,B
u_1607,2025-01-27T21:29:16,Mobile,AU,Free,A
u_1608,2024-08-05T03:39:14,Mobile,IN,Free,B
u_1609,2024-11-24T03:37:49,Desktop,US,Free,B
u_1610,2025-02-20T16:38:10,Mobile,BR,Premium,B
u_1611,2023-09-16T05:14:54,Desktop,GB,Free,A
u_1612,2024-10-24T23:50:23,Mobile,US,Free,A
u_1613,2024-02-06T02:43:27,Mobile,IN,Free,B
u_1614,2024-12-24T09:38:57,Desktop,IN,Free,A
u_1615,2024-08-12T22:41:31,Desktop,GB,Free,A
u_1616,2025-08-10T14:28:18,Mobile,CA,Free,B
u_1617,2025-06-27T02:55:27,Mobile,GB,Free,B
u_1618,2024-08-02T19:25:42,Desktop,US,Premium,B
u_1619,2024-09-24T11:31:45,Desktop,DE,Free,A
u_1620,2025-06-03T17:45:56,Mobile,US,Free,B
u_1621,2025-03-08T01:18:25,Mobile,IN,Premium,A
u_1622,2025-05-25T02:29:28,Mobile,US,Free,A
u_1623,2024-04-28T22:58:47,Mobile,CA,Premium,B
u_1624,2025-08-01T10:27:47,Mobile,IN,Free,A
u_1625,2024-04-20T03:17:26,Mobile,GB,Premium,A
u_1626,2024-11-18T03:35:03,Mobile,IN,Free,A
u_1627,2025-10-18T23:04:26,Desktop,US,Free,B
u_1628,2025-08-21T03:39:33,Mobile,IN,Free,B
u_1629,2024-11-28T06:03:25,Mobile,US,Free,B
u_1630,2025-08-11T10:54:11,Desktop,DE,Free,B
u_1631,2023-09-30T01:40:28,Desktop,IN,Free,A
u_1632,2024-07-29T02:02:35,Mobile,GB,Free,A
u_1633,2024-06-27T13:03:04,Mobile,AU,Free,A
u_1634,2024-09-18T15:40:50,Mobile,BR,Free,A
u_1635,2024-01-28T08:53:27,Mobile,IN,Free,A
u_1636,2025-02-25T15:00:08,Mobile,IN,Premium,B
u_1637,2025-04-02T06:33:20,Mobile,IN,Free,A
u_1638,2024-02-22T06:22:26,Mobile,CA,Premium,A
u_1639,2023-11-20T22:11:27,Mobile,BR,Free,A
u_1640,2024-09-26T22:33:46,Mobile,US,Free,A
u_1641,2025-07-31T08:46:06,Mobile,BR,Free,B
u_1642,2025-01-22T21:13:55,Mobile,US,Free,A
u_1643,2024-01-25T08:27:13,Mobile,GB,Free,A
u_1644,2024-12-16T23:13:31,Mobile,IN,Free,B
u_1645,2024-05-18T16:43:56,Desktop,DE,Free,A
u_1646,2024-05-19T00:20:31,Mobile,IN,Premium,A
u_1647,2025-12-02T16:56:21,Desktop,AU,Free,A
u_1648,2024-06-21T19:54:03,Desktop,AU,Free,B
u_1649,2024-02-09T02:41:21,Mobile,DE,Free,B
u_1650,2024-11-26T12:34:53,Mobile,IN,Free,B
u_1651,2025-04-24T10:53:30,Mobile,IN,Free,A
u_1652,2025-06-16T15:26:55,Mobile,IN,Free,B
u_1653,2025-08-07T09:06:20,Desktop,IN,Free,A
u_1654,2024-12-11T10:59:59,Mobile,IN,Free,A
u_1655,2024-03-22T14:00:22,Mobile,BR,Free,A
u_1656,2025-01-07T03:52:59,Mobile,US,Premium,A
u_1657,2024-04-30T13:53:06,Mobile,IN,Premium,B
u_1658,2025-04-08T13:04:09,Mobile,IN,Free,B
u_1659,2025-04-11T10:46:20,Mobile,US,Free,B
u_1660,2025-08-17T10:44:56,Mobile,GB,Free,B
u_1661,2023-09-23T23:57:55,Tablet,US,Premium,B
u_1662,2024-10-10T09:59:36,Mobile,BR,Free,A
u_1663,2023-09-09T20:36:17,Mobile,US,Free,A
u_1664,2025-08-03T01:47:08,Mobile,CA,Free,B
u_1665,2025-05-13T18:05:07,Mobile,BR,Free,A
u_1666,2024-06-20T08:22:42,Mobile,IN,Free,B
u_1667,2025-05-14T12:49:39,Mobile,BR,Free,A
u_1668,2024-04-12T23:10:42,Mobile,IN,Free,A
u_1669,2024-03-13T22:36:21,Mobile,AU,Free,A
u_1670,2024-05-15T00:00:00,Mobile,IN,Free,A
u_1671,2025-07-29T04:58:47,Desktop,BR,Free,A
u_1672,2025-06-05T03:32:15,Mobile,BR,Free,B
u_1673,2025-06-04T23:31:57,Mobile,AU,Free,A
u_1674,2023-10-11T11:14:52,Mobile,AU,Premium,B
u_1675,2025-11-16T16:02:59,Tablet,IN,Free,A
u_1676,2023-10-05T21:06:05,Mobile,IN,Free,A
u_1677,2024-09-08T04:47:04,Mobile,US,Free,A
u_1678,2023-12-02T10:44:40,Tablet,IN,Free,B
u_1679,2024-07-31T15:07:40,Desktop,GB,Free,A
u_1680,2024-02-27T07:18:38,Desktop,IN,Free,B
u_1681,2024-01-14T19:38:21,Mobile,CA,Premium,A
u_1682,2024-09-09T19:19:39,Mobile,GB,Free,B
u_1683,2025-01-26T09:55:20,Desktop,AU,Free,A
u_1684,2024-02-16T09:21:21,Desktop,IN,Free,B
u_1685,2025-01-06T10:44:44,Mobile,BR,Free,B
u_1686,2025-10-04T12:19:56,Mobile,BR,Free,B
u_1687,2025-12-02T04:11:35,Mobile,US,Free,A
u_1688,2024-12-23T02:44:29,Desktop,GB,Free,A
u_1689,2024-01-23T08:12:51,Mobile,DE,Free,A
u_1690,2025-07-24T14:28:09,Mobile,IN,Free,B
u_1691,2025-12-02T20:17:28,Mobile,US,Free,B
u_1692,2024-09-09T03:17:16,Mobile,IN,Free,B
u_1693,2025-11-18T14:21:57,Mobile,IN,Free,A
u_1694,2023-09-15T09:37:43,Mobile,IN,Premium,A
u_1695,2025-03-03T04:29:59,Mobile,IN,Free,A
u_1696,2024-12-09T13:25:11,Mobile,IN,Free,B
u_1697,2025-07-20T09:32:42,Mobile,IN,Free,B
u_1698,2025-04-21T13:52:21,Mobile,CA,Free,B
u_1699,2025-06-15T13:31:29,Mobile,US,Free,A
u_1700,2023-12-20T08:30:47,Mobile,CA,Free,B
u_1701,2024-12-26T00:54:40,Mobile,US,Premium,B
u_1702,2025-05-27T20:26:24,Mobile,IN,Free,A
u_1703,2024-08-01T22:12:44,Mobile,US,Free,B
u_1704,2024-04-14T23:34:49,Mobile,US,Free,B
u_1705,2023-11-04T23:08:03,Tablet,IN,Premium,B
u_1706,2024-12-19T11:00:08,Mobile,GB,Free,B
u_1707,2025-06-26T14:51:56,Desktop,IN,Free,A
u_1708,2023-12-29T05:05:20,Mobile,GB,Free,A
u_1709,2023-10-17T01:21:17,Desktop,GB,Free,B
u_1710,2024-07-08T17:56:09,Desktop,IN,Free,A
u_1711,2023-12-28T03:32:19,Mobile,IN,Free,B
u_1712,2024-04-28T19:34:17,Mobile,AU,Free,B
u_1713,2024-01-17T14:09:00,Mobile,US,Free,B
u_1714,2024-12-08T13:30:29,Mobile,IN,Free,B
u_1715,2025-07-18T19:40:04,Desktop,CA,Free,A
u_1716,2024-11-03T21:23:03,Desktop,IN,Free,A
u_1717,2025-09-30T05:37:33,Tablet,GB,Premium,A
u_1718,2024-10-29T23:50:41,Mobile,CA,Premium,A
u_1719,2023-12-11T17:48:59,Desktop,IN,Free,A
u_1720,2025-05-23T14:51:32,Desktop,IN,Premium,A
u_1721,2024-06-13T01:11:28,Mobile,IN,Free,B
u_1722,2025-08-07T13:29:26,Mobile,IN,Free,B
u_1723,2024-04-10T16:08:35,Desktop,IN,Free,A
u_1724,2024-11-29T08:35:47,Mobile,GB,Free,A
u_1725,2024-09-06T03:37:02,Desktop,IN,Free,B
u_1726,2025-08-03T13:22:27,Mobile,US,Free,A
u_1727,2025-03-11T23:28:38,Desktop,CA,Free,A
u_1728,2024-09-02T02:12:16,Mobile,AU,Free,A
u_1729,2024-10-12T10:02:40,Mobile,GB,Free,B
u_1730,2024-03-13T04:26:51,Mobile,IN,Free,A
u_1731,2024-12-09T03:20:15,Desktop,GB,Free,B
u_1732,2025-07-10T07:43:21,Desktop,US,Free,A
u_1733,2025-06-19T23:16:59,Mobile,US,Premium,B
u_1734,2025-05-04T00:46:39,Mobile,IN,Premium,A
u_1735,2023-10-22T12:08:33,Desktop,BR,Free,A
u_1736,2024-05-07T04:35:05,Mobile,US,Premium,B
u_1737,2025-11-14T20:33:20,Desktop,IN,Free,B
u_1738,2024-03-29T02:29:52,Mobile,IN,Premium,B
u_1739,2025-10-23T20:10:41,Mobile,US,Free,B
u_1740,2024-03-31T21:20:58,Mobile,AU,Free,B
u_1741,2024-04-09T08:28:59,Mobile,DE,Free,B
u_1742,2024-08-02T05:22:20,Desktop,DE,Free,B
u_1743,2025-11-16T21:41:56,Mobile,IN,Free,A
u_1744,2023-09-03T10:05:42,Mobile,US,Free,A
u_1745,2024-01-27T04:43:58,Desktop,US,Free,A
u_1746,2025-03-07T09:07:33,Mobile,IN,Free,B
u_1747,2025-11-26T06:21:11,Mobile,IN,Free,A
u_1748,2023-12-22T00:56:19,Desktop,DE,Premium,A
u_1749,2024-01-13T00:32:27,Mobile,IN,Free,B
u_1750,2024-09-01T08:39:46,Mobile,US,Free,B
u_1751,2025-04-25T11:47:17,Desktop,IN,Free,B
u_1752,2023-09-17T06:20:38,Mobile,IN,Free,A
u_1753,2024-05-29T01:54:28,Mobile,IN,Free,B
u_1754,2024-01-08T15:19:36,Mobile,CA,Premium,A
u_1755,2025-02-20T04:08:16,Desktop,AU,Free,A
u_1756,2025-10-03T02:18:50,Mobile,CA,Free,A
u_1757,2024-12-31T16:19:16,Mobile,US,Premium,A
u_1758,2025-11-05T13:10:53,Desktop,IN,Free,A
u_1759,2025-02-07T21:36:52,Desktop,US,Free,B
u_1760,2023-12-21T16:27:25,Mobile,US,Free,A
u_1761,2025-01-28T08:03:58,Mobile,BR,Free,B
u_1762,2025-05-22T01:34:43,Mobile,IN,Free,B
u_1763,2025-09-14T23:59:23,Desktop,US,Free,A
u_1764,2025-02-15T10:58:55,Mobile,IN,Free,A
u_1765,2024-12-13T23:25:23,Mobile,IN,Premium,A
u_1766,2023-10-02T02:12:52,Desktop,DE,Free,B
u_1767,2025-01-03T14:37:20,Desktop,US,Free,A
u_1768,2024-11-10T03:55:50,Mobile,IN,Free,A
u_1769,2025-01-15T16:08:58,Desktop,IN,Free,A
u_1770,2023-11-15T02:56:29,Mobile,US,Free,B
u_1771,2024-07-26T22:08:50,Desktop,AU,Free,B
u_1772,2024-01-30T02:23:29,Mobile,BR,Premium,A
u_1773,2024-01-08T10:00:46,Mobile,CA,Free,B
u_1774,2025-06-01T23:02:58,Desktop,AU,Free,B
u_1775,2025-04-22T19:57:54,Mobile,IN,Free,B
u_1776,2025-08-30T11:50:22,Mobile,GB,Free,B
u_1777,2024-09-25T21:45:01,Desktop,US,Free,B
u_1778,2025-02-25T10:44:12,Desktop,IN,Free,B
u_1779,2024-12-08T18:24:23,Mobile,BR,Free,B
u_1780,2025-05-12T15:39:47,Desktop,IN,Free,A
u_1781,2023-12-11T04:09:56,Mobile,BR,Premium,A
u_1782,2025-07-02T23:41:56,Mobile,US,Premium,A
u_1783,2025-10-27T20:04:24,Mobile,GB,Free,B
u_1784,2025-09-08T07:49:43,Mobile,GB,Premium,B
u_1785,2024-11-14T16:26:26,Desktop,BR,Free,A
u_1786,2024-04-21T15:03:59,Mobile,GB,Premium,B
u_1787,2024-08-13T16:30:41,Mobile,GB,Free,A
u_1788,2024-10-13T15:08:44,Mobile,IN,Premium,A
u_1789,2025-09-17T03:27:43,Desktop,US,Premium,B
u_1790,2024-07-17T15:32:16,Mobile,IN,Free,A
u_1791,2024-07-17T09:16:48,Mobile,DE,Premium,A
u_1792,2024-09-18T05:33:26,Mobile,US,Free,B
u_1793,2025-08-04T17:16:03,Mobile,GB,Free,B
u_1794,2023-11-08T03:19:17,Mobile,IN,Free,A
u_1795,2023-11-27T03:23:39,Desktop,IN,Free,B
u_1796,2024-11-16T03:30:56,Desktop,DE,Free,B
u_1797,2025-10-02T13:34:03,Mobile,IN,Free,A
u_1798,2024-01-12T20:15:24,Desktop,IN,Premium,A
u_1799,2023-11-01T21:21:09,Desktop,IN,Free,B
u_1800,2025-03-29T20:27:00,Desktop,CA,Free,A
u_1801,2024-08-03T04:27:01,Mobile,DE,Premium,B
u_1802,2024-10-25T12:52:26,Mobile,IN,Premium,B
u_1803,2025-07-13T15:23:55,Mobile,IN,Premium,B
u_1804,2025-09-08T01:52:23,Mobile,IN,Free,A
u_1805,2024-06-21T21:51:36,Desktop,DE,Premium,B
u_1806,2024-07-16T12:48:10,Desktop,GB,Free,A
u_1807,2023-12-16T21:02:28,Desktop,IN,Free,A
u_1808,2025-02-01T07:44:44,Mobile,IN,Free,A
u_1809,2024-02-06T23:54:39,Mobile,IN,Free,A
u_1810,2025-01-06T08:09:52,Tablet,GB,Free,B
u_1811,2023-12-20T12:44:50,Desktop,DE,Free,A
u_1812,2025-03-23T13:22:56,Mobile,IN,Free,A
u_1813,2023-12-27T10:08:32,Desktop,IN,Free,B
u_1814,2025-04-10T08:14:03,Desktop,IN,Free,A
u_1815,2025-12-05T15:37:24,Mobile,CA,Free,B
u_1816,2025-03-28T22:38:10,Mobile,IN,Free,A
u_1817,2025-05-21T23:23:59,Mobile,DE,Free,B
u_1818,2025-03-24T00:57:21,Mobile,GB,Free,B
u_1819,2025-05-16T23:57:03,Mobile,IN,Free,A
u_1820,2025-08-11T09:44:14,Desktop,IN,Premium,A
u_1821,2023-09-30T06:34:07,Mobile,IN,Free,A
u_1822,2024-06-06T11:14:59,Mobile,GB,Free,B
u_1823,2024-08-13T12:46:49,Mobile,DE,Free,A
u_1824,2023-09-07T06:36:17,Mobile,GB,Free,A
u_1825,2024-01-25T20:37:08,Desktop,US,Premium,A
u_1826,2025-07-05T14:35:31,Mobile,IN,Free,A
u_1827,2023-11-11T05:09:55,Mobile,CA,Free,A
u_1828,2025-09-28T23:03:11,Desktop,AU,Free,B
u_1829,2023-10-02T03:20:26,Mobile,IN,Free,A
u_1830,2025-10-04T19:18:51,Mobile,CA,Free,A
u_1831,2024-04-08T13:41:48,Mobile,GB,Free,B
u_1832,2024-11-03T16:31:00,Mobile,US,Free,B
u_1833,2024-08-15T05:43:51,Mobile,DE,Free,A
u_1834,2024-09-13T11:20:46,Mobile,AU,Free,A
u_1835,2025-09-08T11:48:37,Mobile,GB,Premium,A
u_1836,2025-11-04T20:39:55,Desktop,IN,Premium,B
u_1837,2025-05-03T03:05:35,Mobile,IN,Free,A
u_1838,2023-10-24T05:39:52,Mobile,BR,Free,B
u_1839,2024-02-09T22:29:41,Mobile,IN,Free,B
u_1840,2023-10-21T02:58:13,Mobile,IN,Free,B
u_1841,2024-06-05T16:07:59,Desktop,US,Free,A
u_1842,2025-07-09T15:26:16,Mobile,US,Premium,A
u_1843,2025-01-10T22:06:10,Tablet,GB,Premium,A
u_1844,2024-11-26T15:04:47,Mobile,CA,Free,A
u_1845,2024-06-06T07:50:55,Mobile,IN,Free,B
u_1846,2025-10-13T18:39:14,Mobile,IN,Free,B
u_1847,2023-12-26T12:34:02,Tablet,IN,Free,B
u_1848,2024-11-14T04:02:14,Mobile,BR,Free,B
u_1849,2024-06-17T21:35:43,Mobile,GB,Free,A
u_1850,2025-01-11T19:11:06,Mobile,IN,Free,A
u_1851,2025-07-15T11:13:45,Desktop,AU,Free,A
u_1852,2023-10-17T08:01:43,Mobile,BR,Free,B
u_1853,2024-10-09T21:49:14,Desktop,BR,Premium,B
u_1854,2023-10-27T00:16:47,Mobile,BR,Free,B
u_1855,2024-03-28T10:58:27,Mobile,IN,Free,A
u_1856,2024-04-04T04:59:47,Mobile,DE,Free,A
u_1857,2025-10-22T09:18:11,Mobile,US,Free,B
u_1858,2024-06-23T11:56:47,Mobile,BR,Free,A
u_1859,2024-01-01T00:16:53,Mobile,DE,Free,B
u_1860,2025-01-22T15:40:46,Desktop,DE,Premium,B
u_1861,2024-02-27T04:42:12,Mobile,GB,Free,B
u_1862,2024-09-24T19:23:26,Mobile,IN,Premium,A
u_1863,2025-08-21T08:22:41,Mobile,US,Free,A
u_1864,2025-01-25T20:20:33,Mobile,CA,Free,A
u_1865,2025-07-16T12:53:41,Mobile,BR,Free,A
u_1866,2023-11-13T14:27:24,Mobile,IN,Free,A
u_1867,2025-09-29T01:32:24,Mobile,IN,Free,B
u_1868,2024-11-20T00:40:56,Desktop,IN,Free,B
u_1869,2024-12-14T02:50:05,Desktop,DE,Free,A
u_1870,2024-07-17T20:57:45,Mobile,AU,Premium,A
u_1871,2024-11-13T20:52:36,Mobile,IN,Premium,A
u_1872,2024-10-19T23:18:24,Mobile,US,Premium,A
u_1873,2024-11-01T10:32:27,Mobile,BR,Free,B
u_1874,2023-12-27T14:44:48,Mobile,DE,Free,A
u_1875,2023-09-22T11:49:28,Mobile,US,Free,A
u_1876,2024-02-23T22:30:18,Desktop,US,Free,A
u_1877,2024-12-15T13:10:28,Desktop,US,Free,B
u_1878,2023-11-30T15:54:00,Mobile,IN,Free,B
u_1879,2023-12-18T08:51:31,Mobile,US,Free,A
u_1880,2024-11-20T21:26:24,Mobile,GB,Free,B
u_1881,2024-10-15T19:04:36,Desktop,BR,Premium,B
u_1882,2023-11-20T14:24:33,Mobile,GB,Free,B
u_1883,2024-07-14T12:21:40,Mobile,DE,Free,A
u_1884,2024-04-14T12:07:35,Desktop,IN,Free,B
u_1885,2025-11-06T06:07:17,Mobile,US,Premium,B
u_1886,2023-11-18T18:35:10,Desktop,IN,Free,B
u_1887,2025-06-10T04:09:05,Mobile,IN,Free,B
u_1888,2025-02-25T18:34:00,Mobile,DE,Premium,B
u_1889,2024-03-17T12:43:13,Mobile,CA,Premium,A
u_1890,2024-08-25T23:29:59,Desktop,IN,Free,B
u_1891,2024-01-30T08:36:08,Desktop,US,Free,B
u_1892,2023-12-15T05:19:54,Desktop,AU,Free,B
u_1893,2024-05-20T07:10:56,Mobile,IN,Free,A
u_1894,2024-02-25T21:55:57,Desktop,US,Free,B
u_1895,2024-02-04T23:51:58,Mobile,DE,Premium,B
u_1896,2023-11-17T06:26:58,Mobile,GB,Free,A
u_1897,2025-10-31T22:51:46,Desktop,IN,Free,B
u_1898,2025-01-18T16:53:31,Mobile,IN,Free,B
u_1899,2025-10-12T20:31:29,Mobile,AU,Free,B
u_1900,2025-10-18T21:05:52,Mobile,US,Free,A
u_1901,2024-12-03T20:33:09,Mobile,IN,Free,A
u_1902,2025-06-20T23:07:49,Mobile,DE,Free,B
u_1903,2025-06-01T11:46:03,Mobile,IN,Free,A
u_1904,2025-06-04T11:30:36,Mobile,DE,Free,B
u_1905,2024-02-02T16:00:40,Desktop,IN,Free,A
u_1906,2023-11-09T17:04:22,Desktop,CA,Premium,B
u_1907,2024-11-26T22:59:16,Mobile,IN,Free,A
u_1908,2024-07-07T10:00:02,Mobile,IN,Free,B
u_1909,2025-04-28T02:02:42,Mobile,IN,Free,A
u_1910,2024-08-26T18:28:17,Mobile,IN,Free,A
u_1911,2023-11-15T11:18:05,Mobile,BR,Free,A
u_1912,2024-12-16T16:27:13,Mobile,CA,Free,A
u_1913,2023-10-09T02:04:16,Mobile,IN,Premium,B
u_1914,2024-09-12T10:27:07,Mobile,US,Free,B
u_1915,2023-11-18T23:28:17,Mobile,DE,Free,A
u_1916,2023-12-02T22:23:30,Mobile,BR,Free,B
u_1917,2025-05-01T18:27:42,Desktop,US,Premium,A
u_1918,2024-09-28T16:50:48,Desktop,IN,Free,B
u_1919,2025-04-17T20:10:55,Mobile,US,Free,B
u_1920,2025-11-19T01:29:36,Desktop,GB,Free,B
u_1921,2024-12-04T20:48:48,Mobile,IN,Free,A
u_1922,2025-06-29T06:51:12,Desktop,GB,Premium,B
u_1923,2024-07-26T22:01:39,Desktop,IN,Free,A
u_1924,2024-12-31T18:15:15,Mobile,AU,Free,B
u_1925,2024-02-02T02:15:09,Mobile,IN,Premium,A
u_1926,2024-12-05T03:46:06,Mobile,US,Premium,B
u_1927,2024-08-17T03:04:13,Mobile,US,Premium,B
u_1928,2025-01-29T23:31:29,Mobile,GB,Free,B
u_1929,2024-02-24T01:25:30,Mobile,IN,Free,A
u_1930,2024-05-11T15:56:17,Mobile,US,Free,B
u_1931,2024-11-23T19:04:50,Desktop,US,Free,A
u_1932,2025-02-17T22:12:08,Tablet,US,Free,B
u_1933,2024-02-10T13:14:56,Mobile,GB,Free,A
u_1934,2024-09-16T10:17:59,Mobile,GB,Free,A
u_1935,2024-10-01T14:52:58,Mobile,AU,Free,B
u_1936,2025-11-02T12:19:10,Mobile,IN,Free,A
u_1937,2025-07-27T21:46:06,Desktop,AU,Free,A
u_1938,2023-10-24T22:58:11,Mobile,US,Premium,A
u_1939,2025-06-24T12:11:03,Mobile,IN,Free,A
u_1940,2023-11-07T12:00:13,Mobile,IN,Free,B
u_1941,2023-12-06T20:18:53,Mobile,IN,Free,B
u_1942,2025-07-26T14:04:27,Desktop,AU,Free,A
u_1943,2024-06-17T09:10:29,Desktop,DE,Free,A
u_1944,2025-09-11T23:54:17,Mobile,AU,Free,A
u_1945,2025-05-10T05:28:29,Mobile,US,Free,A
u_1946,2024-08-07T02:58:02,Mobile,US,Free,B
u_1947,2025-04-19T05:08:57,Desktop,IN,Free,B
u_1948,2024-08-24T11:17:42,Desktop,IN,Free,A
u_1949,2025-07-03T14:16:14,Mobile,US,Premium,A
u_1950,2024-01-11T21:39:53,Mobile,IN,Premium,A
u_1951,2025-08-26T03:05:04,Desktop,IN,Free,B
u_1952,2024-07-14T20:20:59,Mobile,US,Free,B
u_1953,2024-09-20T23:25:43,Desktop,DE,Free,A
u_1954,2025-11-19T11:57:34,Mobile,CA,Premium,A
u_1955,2024-01-09T19:09:55,Mobile,BR,Free,B
u_1956,2023-12-05T23:31:15,Mobile,GB,Free,B
u_1957,2025-07-18T15:24:56,Mobile,US,Premium,A
u_1958,2025-02-02T13:10:25,Mobile,GB,Free,A
u_1959,2023-09-19T13:12:06,Desktop,AU,Premium,A
u_1960,2024-07-13T06:33:47,Mobile,IN,Free,B
u_1961,2024-04-07T12:26:31,Mobile,US,Free,A
u_1962,2025-10-24T17:42:16,Mobile,AU,Free,A
u_1963,2024-03-15T08:14:53,Mobile,IN,Premium,B
u_1964,2024-01-19T05:38:28,Mobile,US,Premium,A
u_1965,2023-11-19T10:46:10,Mobile,US,Free,B
u_1966,2025-11-16T03:40:56,Desktop,IN,Free,A
u_1967,2025-02-01T19:39:08,Mobile,IN,Free,A
u_1968,2025-09-26T19:10:13,Mobile,IN,Premium,B
u_1969,2023-10-09T12:15:40,Mobile,IN,Free,A
u_1970,2025-10-24T22:30:06,Desktop,IN,Free,B
u_1971,2024-01-13T21:44:42,Desktop,AU,Free,B
u_1972,2024-09-20T05:36:58,Desktop,IN,Free,A
u_1973,2024-02-14T06:35:03,Mobile,US,Free,B
u_1974,2025-08-10T22:44:45,Mobile,IN,Free,A
u_1975,2024-02-17T15:56:06,Mobile,CA,Free,B
u_1976,2023-10-15T14:57:32,Mobile,IN,Premium,A
u_1977,2024-09-08T08:38:53,Mobile,US,Free,B
u_1978,2024-11-28T22:13:51,Mobile,BR,Free,A
u_1979,2024-06-18T16:20:41,Mobile,BR,Premium,A
u_1980,2024-04-27T19:26:33,Mobile,IN,Free,B
u_1981,2024-05-02T11:16:02,Desktop,AU,Free,B
u_1982,2025-11-12T17:04:34,Mobile,US,Free,A
u_1983,2024-03-17T13:23:33,Mobile,US,Premium,A
u_1984,2025-07-26T20:46:06,Desktop,IN,Free,B
u_1985,2024-11-25T16:48:33,Mobile,IN,Premium,B
u_1986,2025-10-27T10:15:32,Desktop,DE,Free,A
u_1987,2025-11-05T13:54:12,Mobile,US,Free,A
u_1988,2025-01-27T19:12:15,Mobile,US,Free,A
u_1989,2024-11-02T05:54:01,Desktop,DE,Premium,B
u_1990,2024-03-23T22:00:54,Desktop,DE,Free,A
u_1991,2024-01-20T09:06:08,Desktop,IN,Premium,A
u_1992,2023-10-24T23:20:40,Mobile,GB,Free,B
u_1993,2025-01-05T13:30:55,Mobile,IN,Free,A
u_1994,2025-03-21T03:44:06,Mobile,DE,Free,A
u_1995,2025-08-29T18:47:01,Mobile,GB,Premium,A
u_1996,2024-01-06T10:22:43,Desktop,CA,Free,A
u_1997,2023-11-25T05:50:12,Mobile,IN,Free,A
u_1998,2024-06-06T16:21:33,Tablet,IN,Free,B
u_1999,2025-02-07T05:21:53,Mobile,IN,Premium,A
